<?xml version="1.0" encoding="UTF-8"?>
<!DOCTYPE mapper SYSTEM "http://mybatis.org/dtd/mybatis-3-mapper.dtd" >
<mapper namespace="cn.ccsu.dao.UserMapper">

	<!-- namespace:名称空间;指定为接口的全类名 id：唯一标识 resultType：返回值类型 #{id}：从传递过来的参数中取出id值 -->


	<select id="getUserById" resultType="cn.ccsu.bean.User">
		select * from users where
		userId = #{id}
	</select>

	<!-- User selectUser(@Param("userName") String userName, @Param("mobile") 
		String mobile) -->
	<select id="selectUser" resultType="cn.ccsu.bean.User">
		select *from users
		where
		userName = #{userName} and
		mobile = #{mobile}
	</select>


	<!--boolean addUser(User user)boolean deleteUser(User user) -->
	<insert id="addUser">
		insert into
		users(userId,userName,password,mobile,email)
		values(#{userId},#{userName},#{password},#{mobile},#{email})
	</insert>

	<!--boolean updateUserById(User user) -->
	<update id="updateUserById">
		update users set
		userName=#{userName},email=#{email},mobile=#{mobile},password
		=#{password}
		where userId=#{userId}
	</update>

</mapper>